{
  "name": "flight1",
  "waypoint": [
    {
      "period": 0,
      "name": "wp1",
      "seq_number": null,
      "latitude": null,
      "longitude": null,
      "altitude": null,
      "deltat": null
    },
    {
      "period": 1,
      "name": "wp2",
      "seq_number": null,
      "latitude": null,
      "longitude": null,
      "altitude": null,
      "deltat": null
    },
    {
      "period": 2,
      "name": "wp3",
      "seq_number": null,
      "latitude": null,
      "longitude": null,
      "altitude": null,
      "deltat": null
    }
  ]
}
